,Date/Time,Year,Month,Day,Data Quality,Max Temp (°C),Max Temp Flag,Min Temp (°C),Min Temp Flag,Mean Temp (°C),Mean Temp Flag,Heat Deg Days (°C),Heat Deg Days Flag,Cool Deg Days (°C),Cool Deg Days Flag,Total Rain (mm),Total Rain Flag,Total Snow (cm),Total Snow Flag,Total Precip (mm),Total Precip Flag,Snow on Grnd (cm),Snow on Grnd Flag,Dir of Max Gust (10s deg),Dir of Max Gust Flag,Spd of Max Gust (km/h),Spd of Max Gust Flag,GDD
0,2017-01-01,2017,1,1,,-0.7,,-4.3,,-2.5,,20.5,,0.0,,0.0,,0.0,T,0.0,T,4.0,,16.0,,61,,0.0
1,2017-01-02,2017,1,2,,-0.2,,-1.8,,-1.0,,19.0,,0.0,,0.1,,26.0,,19.9,,7.0,,15.0,,67,,0.0
2,2017-01-03,2017,1,3,,-1.3,,-5.0,,-3.2,,21.2,,0.0,,0.0,,0.0,T,0.0,T,30.0,,33.0,,59,,0.0
3,2017-01-04,2017,1,4,,0.0,,-4.9,,-2.5,,20.5,,0.0,,2.8,,0.4,,3.2,,30.0,,16.0,,80,,0.0
4,2017-01-05,2017,1,5,,7.0,,-0.2,,3.4,,14.6,,0.0,,8.2,,0.0,,8.2,,18.0,,17.0,,85,,0.25
5,2017-01-06,2017,1,6,,2.3,,-1.0,,0.7,,17.3,,0.0,,3.8,,2.4,,7.6,,10.0,,25.0,,67,,0.0
6,2017-01-07,2017,1,7,,-0.2,,-7.6,,-3.9,,21.9,,0.0,,3.2,,4.6,,10.6,,7.0,,29.0,,61,,0.0
7,2017-01-08,2017,1,8,,8.5,,-6.2,,1.2,,16.8,,0.0,,5.0,,1.2,,6.6,,7.0,,15.0,,93,,0.25
8,2017-01-09,2017,1,9,,-1.4,,-10.6,,-6.0,,24.0,,0.0,,0.0,,1.5,,0.6,,6.0,,27.0,,65,,0.0
9,2017-01-10,2017,1,10,,-6.3,,-11.0,,-8.7,,26.7,,0.0,,0.0,,0.0,,0.0,,8.0,,31.0,,56,,0.0
10,2017-01-11,2017,1,11,,-2.0,,-11.0,,-6.5,,24.5,,0.0,,0.0,,0.0,T,0.0,T,8.0,,18.0,,43,,0.0
11,2017-01-12,2017,1,12,,3.3,,-2.9,,0.2,,17.8,,0.0,,0.0,,0.4,,0.4,,8.0,,21.0,,61,,0.0
12,2017-01-13,2017,1,13,,8.4,,-5.9,,1.3,,16.7,,0.0,,6.0,,0.2,,6.2,,4.0,,29.0,,74,,0.25
13,2017-01-14,2017,1,14,,-6.0,,-12.4,,-9.2,,27.2,,0.0,,0.0,,0.0,,0.0,,1.0,,29.0,,85,,0.0
14,2017-01-15,2017,1,15,,-5.0,,-10.7,,-7.9,,25.9,,0.0,,0.0,,16.4,,15.0,,1.0,,4.0,,56,,0.0
15,2017-01-16,2017,1,16,,-6.9,,-15.4,,-11.2,,29.2,,0.0,,0.0,,6.4,,4.8,,23.0,,35.0,,56,,0.0
16,2017-01-17,2017,1,17,,-1.5,,-13.0,,-7.3,,25.3,,0.0,,0.0,,3.6,,2.0,,24.0,,19.0,,56,,0.0
17,2017-01-18,2017,1,18,,-1.2,,-5.8,,-3.5,,21.5,,0.0,,0.0,,4.0,,1.6,,28.0,,3.0,,50,,0.0
18,2017-01-19,2017,1,19,,-3.0,,-8.8,,-5.9,,23.9,,0.0,,0.0,,0.0,T,0.0,T,28.0,,,,<31,,0.0
19,2017-01-20,2017,1,20,,-2.4,,-7.7,,-5.1,,23.1,,0.0,,0.0,,4.4,,4.0,,22.0,,1.0,,80,,0.0
20,2017-01-21,2017,1,21,,-1.7,,-4.4,,-3.1,,21.1,,0.0,,0.0,,23.4,,12.2,,32.0,,36.0,,100,,0.0
21,2017-01-22,2017,1,22,,-2.7,,-5.9,,-4.3,,22.3,,0.0,,0.6,,5.6,,4.6,,40.0,,30.0,,52,,0.0
22,2017-01-23,2017,1,23,,-5.7,,-11.8,,-8.8,,26.8,,0.0,,0.0,,3.0,,2.4,,46.0,,35.0,,41,,0.0
23,2017-01-24,2017,1,24,,-2.5,,-11.9,,-7.2,,25.2,,0.0,,0.0,,0.0,,0.0,,48.0,,28.0,,50,,0.0
24,2017-01-25,2017,1,25,,-1.0,,-10.2,,-5.6,,23.6,,0.0,,1.6,,0.0,,1.6,,48.0,,11.0,,56,,0.0
25,2017-01-26,2017,1,26,,4.3,,-1.1,,1.6,,16.4,,0.0,,40.2,,0.0,,40.2,,43.0,,25.0,,74,,0.0
26,2017-01-27,2017,1,27,,6.2,,-2.0,,2.1,,15.9,,0.0,,3.0,,2.8,,5.2,,29.0,,25.0,,85,,0.25
27,2017-01-28,2017,1,28,,2.2,,-2.9,,-0.4,,18.4,,0.0,,0.0,,1.2,,0.8,,22.0,,28.0,,72,,0.0
28,2017-01-29,2017,1,29,,-0.2,,-2.5,,-1.4,,19.4,,0.0,,0.0,,0.2,,0.2,,20.0,,27.0,,72,,0.0
29,2017-01-30,2017,1,30,,2.2,,-5.7,,-1.8,,19.8,,0.0,,0.0,,0.4,,0.0,T,20.0,,26.0,,41,,0.0
30,2017-01-31,2017,1,31,,-3.7,,-7.1,,-5.4,,23.4,,0.0,,0.0,,0.2,,0.2,,18.0,,29.0,,54,,0.0
31,2017-02-01,2017,2,1,,-4.4,,-11.5,,-8.0,,26.0,,0.0,,0.0,,0.0,,0.0,,18.0,,31.0,,44,,0.0
32,2017-02-02,2017,2,2,,-4.7,,-9.8,,-7.3,,25.3,,0.0,,0.0,,0.0,,0.0,,15.0,,5.0,,30,,0.0
33,2017-02-03,2017,2,3,,-1.4,,-9.9,,-5.7,,23.7,,0.0,,0.0,,1.4,,0.8,,15.0,,26.0,,61,,0.0
34,2017-02-04,2017,2,4,,-8.3,,-13.4,,-10.9,,28.9,,0.0,,0.0,,0.0,,0.0,,16.0,,31.0,,54,,0.0
35,2017-02-05,2017,2,5,,-10.3,,-14.4,,-12.4,,30.4,,0.0,,0.0,,0.0,,0.0,,16.0,,30.0,,82,,0.0
36,2017-02-06,2017,2,6,,1.6,,-12.6,,-5.5,,23.5,,0.0,,0.0,,13.8,,8.6,,18.0,,26.0,,111,,0.0
37,2017-02-07,2017,2,7,,-10.2,,-14.9,,-12.6,,30.6,,0.0,,0.0,,0.0,T,0.0,T,28.0,,27.0,,91,,0.0
38,2017-02-08,2017,2,8,,6.9,,-16.0,,-4.6,,22.6,,0.0,,1.4,,4.4,,7.6,,28.0,,17.0,,83,,0.25
39,2017-02-09,2017,2,9,,6.8,,-4.4,,1.2,,16.8,,0.0,,5.4,,0.0,,5.4,,19.0,,13.0,,61,,0.25
40,2017-02-10,2017,2,10,,9.5,,-4.3,,2.6,,15.4,,0.0,,9.4,,0.0,,9.4,,10.0,,24.0,,100,,0.25
41,2017-02-11,2017,2,11,,-4.2,,-9.2,,-6.7,,24.7,,0.0,,0.0,,0.0,T,0.0,T,5.0,,29.0,,46,,0.0
42,2017-02-12,2017,2,12,,-5.9,,-9.7,,-7.8,,25.8,,0.0,,0.0,,1.0,,1.0,,5.0,,4.0,,37,,0.0
43,2017-02-13,2017,2,13,,-2.6,,-8.6,,-5.6,,23.6,,0.0,,0.0,,1.4,,0.4,,7.0,,8.0,,76,,0.0
44,2017-02-14,2017,2,14,,-0.7,,-3.0,,-1.9,,19.9,,0.0,,1.0,,39.2,,27.6,,12.0,,8.0,,96,,0.0
45,2017-02-15,2017,2,15,,-0.9,,-2.2,,-1.6,,19.6,,0.0,,0.0,,18.8,,10.8,,57.0,,1.0,,78,,0.0
46,2017-02-16,2017,2,16,,3.4,,-3.4,,0.0,,18.0,,0.0,,1.8,,3.2,,3.0,,50.0,,12.0,,61,,0.0
47,2017-02-17,2017,2,17,,1.4,,-2.3,,-0.5,,18.5,,0.0,,0.0,,0.0,T,0.0,T,48.0,,23.0,,50,,0.0
48,2017-02-18,2017,2,18,,0.5,,-2.8,,-1.2,,19.2,,0.0,,0.0,,0.0,T,0.0,T,46.0,,25.0,,69,,0.0
49,2017-02-19,2017,2,19,,2.7,,-2.9,,-0.1,,18.1,,0.0,,8.6,,1.4,,9.6,,43.0,,19.0,,50,,0.0
50,2017-02-20,2017,2,20,,-0.4,,-3.5,,-2.0,,20.0,,0.0,,0.4,,2.2,,2.2,,34.0,,3.0,,32,,0.0
51,2017-02-21,2017,2,21,,-2.5,,-5.5,,-4.0,,22.0,,0.0,,0.2,,1.4,,1.0,,34.0,,4.0,,39,,0.0
52,2017-02-22,2017,2,22,,-2.9,,-5.6,,-4.3,,22.3,,0.0,,0.0,,0.6,,0.2,,35.0,,2.0,,39,,0.0
53,2017-02-23,2017,2,23,,0.6,,-3.9,,-1.7,,19.7,,0.0,,0.0,,0.0,T,0.0,T,30.0,,32.0,,59,,0.0
54,2017-02-24,2017,2,24,,4.5,,-2.3,,1.1,,16.9,,0.0,,3.4,,0.0,,3.4,,25.0,,28.0,,76,,0.0
55,2017-02-25,2017,2,25,,1.2,,-2.0,,-0.4,,18.4,,0.0,,0.6,,2.4,,2.4,,21.0,,28.0,,50,,0.0
56,2017-02-26,2017,2,26,,8.6,,-0.9,,3.9,,14.1,,0.0,,9.0,,0.0,,9.0,,20.0,,18.0,,82,,0.25
57,2017-02-27,2017,2,27,,2.0,,-3.5,,-0.8,,18.8,,0.0,,0.0,,0.0,,0.0,,16.0,,28.0,,95,,0.0
58,2017-02-28,2017,2,28,,-0.7,,-7.6,,-4.2,,22.2,,0.0,,0.0,,0.4,,0.2,,18.0,,29.0,,76,,0.0
59,2017-03-01,2017,3,1,,1.8,,-7.5,,-2.9,,20.9,,0.0,,1.2,,0.4,,1.6,,18.0,,19.0,,82,,0.0
60,2017-03-02,2017,3,2,,7.1,,0.1,,3.6,,14.4,,0.0,,7.8,,0.0,,7.8,,16.0,,19.0,,80,,0.25
61,2017-03-03,2017,3,3,,2.2,,-6.7,,-2.3,,20.3,,0.0,,0.0,,0.4,,0.2,,5.0,,27.0,,111,,0.0
62,2017-03-04,2017,3,4,,-2.5,,-8.5,,-5.5,,23.5,,0.0,,0.0,,1.8,,1.0,,3.0,,27.0,,85,,0.0
63,2017-03-05,2017,3,5,,-4.6,,-8.4,,-6.5,,24.5,,0.0,,0.0,,5.2,,4.2,,6.0,,25.0,,89,,0.0
64,2017-03-06,2017,3,6,,-1.2,,-7.3,,-4.3,,22.3,,0.0,,0.0,,3.4,,2.4,,12.0,,5.0,,63,,0.0
65,2017-03-07,2017,3,7,,-0.9,,-7.0,,-4.0,,22.0,,0.0,,0.0,T,0.0,,0.0,T,12.0,,35.0,,54,,0.0
66,2017-03-08,2017,3,8,,2.0,,-6.2,,-2.1,,20.1,,0.0,,0.0,,0.4,,0.8,,12.0,,29.0,,43,,0.0
67,2017-03-09,2017,3,9,,4.6,,-1.4,,1.6,,16.4,,0.0,,4.2,,0.2,,4.4,,7.0,,27.0,,57,,0.0
68,2017-03-10,2017,3,10,,0.4,,-6.2,,-2.9,,20.9,,0.0,,0.0,,0.2,,0.2,,1.0,,26.0,,87,,0.0
69,2017-03-11,2017,3,11,,,M,-6.5,E,,M,,M,,M,2.4,,11.2,,9.0,,8.0,,22.0,,158,,0.25
70,2017-03-12,2017,3,12,,-6.2,,-10.4,,-8.3,,26.3,,0.0,,0.0,,1.0,,0.4,,10.0,,26.0,,93,,0.0
71,2017-03-13,2017,3,13,,-0.9,,-6.2,,-3.6,,21.6,,0.0,,0.0,,0.3,,0.2,,10.0,,26.0,,57,,0.0
72,2017-03-14,2017,3,14,,1.3,,-5.2,,-2.0,,20.0,,0.0,,0.0,,0.0,T,0.0,T,10.0,,29.0,,43,,0.0
73,2017-03-15,2017,3,15,,9.4,,-3.8,,2.8,,15.2,,0.0,,11.6,,1.2,,12.2,,9.0,,17.0,,95,,0.25
74,2017-03-16,2017,3,16,,9.4,,-2.0,,3.7,,14.3,,0.0,,0.6,,0.0,,0.6,,1.0,,23.0,,78,,0.25
75,2017-03-17,2017,3,17,,3.2,,-3.6,,-0.2,,18.2,,0.0,,0.0,,5.6,,2.4,,0.0,T,28.0,,37,,0.0
76,2017-03-18,2017,3,18,,-1.4,,-7.4,,-4.4,,22.4,,0.0,,0.0,,4.6,,2.7,,9.0,,3.0,,35,,0.0
77,2017-03-19,2017,3,19,,2.2,,-7.7,,-2.8,,20.8,,0.0,,0.0,,0.0,,0.0,,3.0,,27.0,,32,,0.0
78,2017-03-20,2017,3,20,,-0.2,,-3.0,,-1.6,,19.6,,0.0,,5.4,,13.4,,17.8,,3.0,,11.0,,52,,0.0
79,2017-03-21,2017,3,21,,7.1,,-0.5,,3.3,,14.7,,0.0,,6.2,,0.0,,6.2,,11.0,,17.0,,50,,0.25
80,2017-03-22,2017,3,22,,2.6,,-1.5,,0.6,,17.4,,0.0,,0.2,,12.4,,12.6,,6.0,,13.0,,61,,0.0
81,2017-03-23,2017,3,23,,3.8,,-7.7,,-2.0,,20.0,,0.0,,1.4,,3.0,,4.0,,17.0,,18.0,,69,,0.0
82,2017-03-24,2017,3,24,,-5.7,,-10.7,,-8.2,,26.2,,0.0,,0.0,,2.0,,0.8,,6.0,,30.0,,35,,0.0
83,2017-03-25,2017,3,25,,0.9,,-11.4,,-5.3,,23.3,,0.0,,0.0,,0.4,,0.2,,6.0,,22.0,,50,,0.0
84,2017-03-26,2017,3,26,,-6.8,,-11.3,,-9.1,,27.1,,0.0,,0.0,,1.0,,0.2,,5.0,,32.0,,65,,0.0
85,2017-03-27,2017,3,27,,-4.1,,-13.4,,-8.8,,26.8,,0.0,,0.0,,0.0,,0.0,,6.0,,32.0,,85,,0.0
86,2017-03-28,2017,3,28,,0.1,,-6.3,,-3.1,,21.1,,0.0,,0.0,,0.0,,0.0,,6.0,,33.0,,69,,0.0
87,2017-03-29,2017,3,29,,1.4,,-2.7,,-0.7,,18.7,,0.0,,0.0,,0.0,T,0.0,T,6.0,,33.0,,44,,0.0
88,2017-03-30,2017,3,30,,0.5,,-2.4,,-1.0,,19.0,,0.0,,8.4,,0.4,,8.6,,2.0,,4.0,,67,,0.0
89,2017-03-31,2017,3,31,,1.6,,-1.1,,0.3,,17.7,,0.0,,27.4,,10.0,,37.0,,1.0,,3.0,,96,,0.0
90,2017-04-01,2017,4,1,,-0.5,,-2.7,,-1.6,,19.6,,0.0,,0.0,,4.0,,2.2,,8.0,,34.0,,100,,0.0
91,2017-04-02,2017,4,2,,-1.4,,-3.3,,-2.4,,20.4,,0.0,,0.0,,8.2,,4.6,,9.0,,8.0,,78,,0.0
92,2017-04-03,2017,4,3,,0.2,,-2.0,,-0.9,,18.9,,0.0,,11.7,,16.6,,24.7,,29.0,,5.0,,89,,0.0
93,2017-04-04,2017,4,4,,-0.7,,-2.1,,-1.4,,19.4,,0.0,,1.4,,6.2,,4.8,,31.0,,36.0,,76,,0.0
94,2017-04-05,2017,4,5,,-0.6,,-3.1,,-1.9,,19.9,,0.0,,0.0,,0.0,T,0.0,T,33.0,,36.0,,70,,0.0
95,2017-04-06,2017,4,6,,1.2,,-4.7,,-1.8,,19.8,,0.0,,0.0,,0.0,,0.0,,32.0,,,,<31,,0.0
96,2017-04-07,2017,4,7,,1.8,,-4.5,,-1.4,,19.4,,0.0,,1.8,,0.0,,1.8,,26.0,,17.0,,63,,0.0
97,2017-04-08,2017,4,8,,7.2,,1.7,,4.5,,13.5,,0.0,,10.8,,0.0,,10.8,,16.0,,19.0,,87,,0.25
98,2017-04-09,2017,4,9,,8.8,,0.3,,4.6,,13.4,,0.0,,0.0,T,0.0,,0.0,T,0.0,T,27.0,,52,,0.25
99,2017-04-10,2017,4,10,,9.4,,-1.2,,4.1,,13.9,,0.0,,0.0,,0.0,,0.0,,0.0,T,27.0,,33,,0.25
100,2017-04-11,2017,4,11,,12.0,,-0.9,,5.6,,12.4,,0.0,,0.0,,0.0,,0.0,,0.0,T,24.0,,41,,0.25
101,2017-04-12,2017,4,12,,2.9,,-1.4,,0.8,,17.2,,0.0,,0.0,T,0.0,,0.0,T,0.0,T,,,<31,,0.0
102,2017-04-13,2017,4,13,,8.8,,-1.3,,3.8,,14.2,,0.0,,0.2,,0.0,,0.2,,0.0,T,27.0,,57,,0.25
103,2017-04-14,2017,4,14,,6.0,,-2.0,,2.0,,16.0,,0.0,,0.0,,0.2,,0.2,,0.0,T,28.0,,54,,0.25
104,2017-04-15,2017,4,15,,0.8,,-4.7,,-2.0,,20.0,,0.0,,0.0,,0.2,,0.2,,0.0,T,2.0,,35,,0.0
105,2017-04-16,2017,4,16,,10.1,,-4.3,,2.9,,15.1,,0.0,,0.0,,0.0,T,0.0,T,,,20.0,,50,,0.25
106,2017-04-17,2017,4,17,,4.9,,-4.3,,0.3,,17.7,,0.0,,3.6,,0.0,T,3.6,,,,19.0,,74,,0.0
107,2017-04-18,2017,4,18,,-1.5,,-4.9,,-3.2,,21.2,,0.0,,0.0,,0.0,T,0.0,T,0.0,T,1.0,,56,,0.0
108,2017-04-19,2017,4,19,,1.1,,-3.3,,-1.1,,19.1,,0.0,,0.0,,0.0,T,0.0,T,0.0,T,4.0,,63,,0.0
109,2017-04-20,2017,4,20,,1.4,,-3.0,,-0.8,,18.8,,0.0,,6.6,,2.0,,8.6,,0.0,T,4.0,,56,,0.0
110,2017-04-21,2017,4,21,,0.2,,-1.9,,-0.9,,18.9,,0.0,,10.6,,0.0,,10.6,,0.0,T,2.0,,59,,0.0
111,2017-04-22,2017,4,22,,0.1,,-2.0,,-1.0,,19.0,,0.0,,1.2,,0.0,,1.2,,0.0,T,1.0,,56,,0.0
112,2017-04-23,2017,4,23,,0.8,,-3.2,,-1.2,,19.2,,0.0,,9.4,,7.2,,13.2,,6.0,,,,<31,,0.0
113,2017-04-24,2017,4,24,,9.9,,-2.7,,3.6,,14.4,,0.0,,0.0,,0.0,,0.0,,6.0,,26.0,,50,,0.25
114,2017-04-25,2017,4,25,,4.5,,-2.8,,0.9,,17.1,,0.0,,0.0,,0.0,,0.0,,,,31.0,,56,,0.0
115,2017-04-26,2017,4,26,,8.9,,-4.2,,2.4,,15.6,,0.0,,0.0,T,0.0,,0.0,T,,,24.0,,56,,0.25
116,2017-04-27,2017,4,27,,11.7,,-0.8,,5.5,,12.5,,0.0,,0.6,,0.0,,0.6,,,,24.0,,65,,0.25
117,2017-04-28,2017,4,28,,14.0,,-0.1,,7.0,,11.0,,0.0,,1.2,,0.0,,1.2,,,,21.0,,41,,0.25
118,2017-04-29,2017,4,29,,13.8,,7.4,,10.6,,7.4,,0.0,,0.0,T,0.0,,0.0,T,,,26.0,,50,,0.5
119,2017-04-30,2017,4,30,,7.5,,-3.9,,1.8,,16.2,,0.0,,0.2,,0.0,T,0.2,,,,34.0,,76,,0.25
120,2017-05-01,2017,5,1,,4.1,,-3.9,,0.1,,17.9,,0.0,,0.0,,0.0,,0.0,,,,34.0,,67,,0.0
121,2017-05-02,2017,5,2,,4.5,,-4.8,,-0.2,,18.2,,0.0,,0.6,,0.4,,0.8,,,,16.0,,57,,0.0
122,2017-05-03,2017,5,3,,13.2,,-1.8,,5.7,,12.3,,0.0,,7.8,,0.0,,7.8,,,,17.0,,89,,0.25
123,2017-05-04,2017,5,4,,10.1,,1.8,,6.0,,12.0,,0.0,,0.0,,0.0,,0.0,,,,31.0,,50,,0.25
124,2017-05-05,2017,5,5,,10.0,,-1.8,,4.1,,13.9,,0.0,,0.0,,0.0,,0.0,,,,31.0,,56,,0.25
125,2017-05-06,2017,5,6,,9.3,,-2.2,,3.6,,14.4,,0.0,,0.0,,0.0,,0.0,,,,3.0,,44,,0.25
126,2017-05-07,2017,5,7,,6.4,,-1.8,,2.3,,15.7,,0.0,,0.0,,0.0,,0.0,,,,,,<31,,0.25
127,2017-05-08,2017,5,8,,2.9,,0.2,,1.6,,16.4,,0.0,,0.6,,0.0,,0.6,,,,5.0,,32,,0.0
128,2017-05-09,2017,5,9,,4.2,,0.0,,2.1,,15.9,,0.0,,1.2,,0.0,,1.2,,,,,,<31,,0.0
129,2017-05-10,2017,5,10,,6.0,,0.6,,3.3,,14.7,,0.0,,2.8,,0.0,,2.8,,,,,,<31,,0.25
130,2017-05-11,2017,5,11,,2.9,,0.3,,1.6,,16.4,,0.0,,0.6,,0.0,,0.6,,,,3.0,,41,,0.0
131,2017-05-12,2017,5,12,,3.9,,-1.1,,1.4,,16.6,,0.0,,0.0,T,0.0,,0.0,T,,,5.0,,44,,0.0
132,2017-05-13,2017,5,13,,3.3,,-1.8,,0.8,,17.2,,0.0,,0.4,,0.0,T,0.4,,,,3.0,,46,,0.0
133,2017-05-14,2017,5,14,,10.2,,-2.1,,4.1,,13.9,,0.0,,0.0,T,0.0,,0.0,T,,,27.0,,33,,0.25
134,2017-05-15,2017,5,15,,12.1,,-1.0,,5.6,,12.4,,0.0,,3.6,,0.0,,3.6,,,,15.0,,52,,0.25
135,2017-05-16,2017,5,16,,13.1,,1.8,,7.5,,10.5,,0.0,,0.8,,0.0,,0.8,,,,17.0,,50,,0.25
136,2017-05-17,2017,5,17,,12.7,,3.8,,8.3,,9.7,,0.0,,0.4,,0.0,,0.4,,,,24.0,,56,,0.25
137,2017-05-18,2017,5,18,,12.1,,1.4,,6.8,,11.2,,0.0,,0.0,,0.0,,0.0,,,,28.0,,44,,0.25
138,2017-05-19,2017,5,19,,11.6,,2.3,,7.0,,11.0,,0.0,,2.6,,0.0,,2.6,,,,17.0,,52,,0.25
139,2017-05-20,2017,5,20,,7.0,,0.0,,3.5,,14.5,,0.0,,2.6,,4.0,,6.6,,0.0,T,27.0,,69,,0.25
140,2017-05-21,2017,5,21,,2.5,,-0.2,,1.2,,16.8,,0.0,,5.8,,3.2,,8.4,,1.0,,35.0,,69,,0.0
141,2017-05-22,2017,5,22,,2.6,,0.4,,1.5,,16.5,,0.0,,2.8,,0.0,,2.8,,,,35.0,,67,,0.0
142,2017-05-23,2017,5,23,,11.1,,-0.4,,5.4,,12.6,,0.0,,0.0,T,0.0,,0.0,T,,,26.0,,48,,0.25
143,2017-05-24,2017,5,24,,8.8,,2.9,,5.9,,12.1,,0.0,,4.4,,0.0,,4.4,,,,20.0,,56,,0.25
144,2017-05-25,2017,5,25,,6.0,,-1.2,,2.4,,15.6,,0.0,,0.0,T,0.0,,0.0,T,,,2.0,,56,,0.25
145,2017-05-26,2017,5,26,,8.3,,-1.5,,3.4,,14.6,,0.0,,0.0,,0.0,,0.0,,,,14.0,,33,,0.25
146,2017-05-27,2017,5,27,,2.7,,-0.5,,1.1,,16.9,,0.0,,1.4,,0.0,,1.4,,,,7.0,,44,,0.0
147,2017-05-28,2017,5,28,,6.2,,-1.0,,2.6,,15.4,,0.0,,0.0,,0.0,,0.0,,,,10.0,,39,,0.25
148,2017-05-29,2017,5,29,,6.1,,-0.4,,2.9,,15.1,,0.0,,0.0,,0.0,,0.0,,,,5.0,,32,,0.25
149,2017-05-30,2017,5,30,,14.7,,0.0,,7.4,,10.6,,0.0,,0.0,,0.0,,0.0,,,,28.0,,37,,0.25
150,2017-05-31,2017,5,31,,18.7,,4.9,,11.8,,6.2,,0.0,,0.0,,0.0,,0.0,,,,27.0,,61,,0.25
151,2017-06-01,2017,6,1,,13.9,,4.3,,9.1,,8.9,,0.0,,4.8,,0.0,,4.8,,,,27.0,,54,,0.25
152,2017-06-02,2017,6,2,,16.8,,4.0,,10.4,,7.6,,0.0,,0.8,,0.0,,0.8,,,,27.0,,56,,0.25
153,2017-06-03,2017,6,3,,8.2,,3.5,,5.9,,12.1,,0.0,,0.6,,0.0,,0.6,,,,27.0,,35,,0.25
154,2017-06-04,2017,6,4,,13.6,,3.1,,8.4,,9.6,,0.0,,5.8,,0.0,,5.8,,,,,,<31,,0.25
155,2017-06-05,2017,6,5,,5.3,,2.0,,3.7,,14.3,,0.0,,32.6,,0.0,,32.6,,,,1.0,,69,,0.15000000000000036
156,2017-06-06,2017,6,6,,9.9,,1.1,,5.5,,12.5,,0.0,,0.0,,0.0,,0.0,,,,34.0,,50,,0.25
157,2017-06-07,2017,6,7,,10.5,,0.0,,5.3,,12.7,,0.0,,0.0,T,0.0,,0.0,T,,,35.0,,35,,0.25
158,2017-06-08,2017,6,8,,13.0,,-0.1,,6.5,,11.5,,0.0,,0.0,T,0.0,,0.0,T,,,26.0,,54,,0.25
159,2017-06-09,2017,6,9,,22.6,,8.0,,15.3,,2.7,,0.0,,4.6,,0.0,,4.6,,,,19.0,,82,,0.5
160,2017-06-10,2017,6,10,,16.9,,7.2,,12.1,,5.9,,0.0,,0.6,,0.0,,0.6,,,,27.0,,89,,0.5
161,2017-06-11,2017,6,11,,21.0,,7.0,,14.0,,4.0,,0.0,,1.4,,0.0,,1.4,,,,26.0,,72,,0.5
162,2017-06-12,2017,6,12,,18.8,,6.0,,12.4,,5.6,,0.0,,0.0,,0.0,,0.0,,,,26.0,,72,,0.5
163,2017-06-13,2017,6,13,,11.9,,4.7,,8.3,,9.7,,0.0,,0.6,,0.0,,0.6,,,,18.0,,48,,0.25
164,2017-06-14,2017,6,14,,15.8,,2.5,,9.2,,8.8,,0.0,,0.8,,0.0,,0.8,,,,35.0,,56,,0.25
165,2017-06-15,2017,6,15,,11.2,,2.3,,6.8,,11.2,,0.0,,0.0,T,0.0,,0.0,T,,,34.0,,67,,0.25
166,2017-06-16,2017,6,16,,12.5,,2.0,,7.3,,10.7,,0.0,,0.0,,0.0,,0.0,,,,31.0,,35,,0.25
167,2017-06-17,2017,6,17,,19.6,,7.8,,13.7,,4.3,,0.0,,0.0,,0.0,,0.0,,,,26.0,,50,,0.5
168,2017-06-18,2017,6,18,,20.3,,8.4,,14.4,,3.6,,0.0,,1.8,,0.0,,1.8,,,,22.0,,70,,0.5
169,2017-06-19,2017,6,19,,22.1,,12.2,,17.2,,0.8,,0.0,,0.0,T,0.0,,0.0,T,,,26.0,,65,,0.5
170,2017-06-20,2017,6,20,,25.2,,13.4,,19.3,,0.0,,1.3,,0.0,T,0.0,,0.0,T,,,26.0,,74,,0.5
171,2017-06-21,2017,6,21,,20.6,,11.6,,16.1,,1.9,,0.0,,2.0,,0.0,,2.0,,,,25.0,,65,,0.5
172,2017-06-22,2017,6,22,,20.1,,10.1,,15.1,,2.9,,0.0,,0.0,,0.0,,0.0,,,,25.0,,56,,0.5
173,2017-06-23,2017,6,23,,21.6,,9.5,,15.6,,2.4,,0.0,,0.0,,0.0,,0.0,,,,28.0,,41,,0.5
174,2017-06-24,2017,6,24,,17.5,,11.3,,14.4,,3.6,,0.0,,25.4,,0.0,,25.4,,,,23.0,,74,,0.5
175,2017-06-25,2017,6,25,,23.9,,11.4,,17.7,,0.3,,0.0,,1.6,,0.0,,1.6,,,,25.0,,61,,0.5
176,2017-06-26,2017,6,26,,25.3,,10.9,,18.1,,0.0,,0.1,,0.0,,0.0,,0.0,,,,26.0,,54,,0.5
177,2017-06-27,2017,6,27,,25.6,,13.4,,19.5,,0.0,,1.5,,0.0,,0.0,,0.0,,,,25.0,,46,,0.5
178,2017-06-28,2017,6,28,,19.1,,9.3,,14.2,,3.8,,0.0,,20.4,,0.0,,20.4,,,,28.0,,65,,0.5
179,2017-06-29,2017,6,29,,20.2,,9.6,,14.9,,3.1,,0.0,,0.0,,0.0,,0.0,,,,27.0,,50,,0.5
180,2017-06-30,2017,6,30,,23.2,,10.0,,16.6,,1.4,,0.0,,1.0,,0.0,,1.0,,,,25.0,,46,,0.5
181,2017-07-01,2017,7,1,,15.0,,5.9,,10.5,,7.5,,0.0,,12.4,,0.0,,12.4,,,,36.0,,46,,0.5
182,2017-07-02,2017,7,2,,17.7,,5.7,,11.7,,6.3,,0.0,,26.2,,0.0,,26.2,,,,23.0,,59,,0.5
183,2017-07-03,2017,7,3,,24.4,,12.6,,18.5,,0.0,,0.5,,0.6,,0.0,,0.6,,,,24.0,,57,,0.5
184,2017-07-04,2017,7,4,,24.1,,6.8,,15.5,,2.5,,0.0,,0.3,,0.0,,0.3,,,,27.0,,48,,0.5
185,2017-07-05,2017,7,5,,9.8,,3.7,,6.8,,11.2,,0.0,,0.6,,0.0,,0.6,,,,,,<31,,0.25
186,2017-07-06,2017,7,6,,23.4,,6.7,,15.1,,2.9,,0.0,,0.0,,0.0,,0.0,,,,27.0,,54,,0.5
187,2017-07-07,2017,7,7,,21.5,,10.8,,16.2,,1.8,,0.0,,0.0,,0.0,,0.0,,,,26.0,,54,,0.5
188,2017-07-08,2017,7,8,,21.1,,11.3,,16.2,,1.8,,0.0,,20.4,,0.0,,20.4,,,,19.0,,61,,0.5
189,2017-07-09,2017,7,9,,24.1,,15.9,,20.0,,0.0,,2.0,,0.0,T,0.0,,0.0,T,,,25.0,,67,,0.5
190,2017-07-10,2017,7,10,,24.8,,14.6,,19.7,,0.0,,1.7,,0.0,T,0.0,,0.0,T,,,26.0,,48,,0.5
191,2017-07-11,2017,7,11,,25.2,,14.2,,19.7,,0.0,,1.7,,1.0,,0.0,,1.0,,,,25.0,,48,,0.5
192,2017-07-12,2017,7,12,,24.2,,12.6,,18.4,,0.0,,0.4,,0.6,,0.0,,0.6,,,,24.0,,59,,0.5
193,2017-07-13,2017,7,13,,19.7,,11.2,,15.5,,2.5,,0.0,,0.0,,0.0,,0.0,,,,26.0,,70,,0.5
194,2017-07-14,2017,7,14,,22.9,,10.4,,16.7,,1.3,,0.0,,0.0,,0.0,,0.0,,,,28.0,,33,,0.5
195,2017-07-15,2017,7,15,,23.6,,10.2,,16.9,,1.1,,0.0,,0.0,,0.0,,0.0,,,,28.0,,41,,0.5
196,2017-07-16,2017,7,16,,24.9,,9.8,,17.4,,0.6,,0.0,,0.0,,0.0,,0.0,,,,29.0,,37,,0.5
197,2017-07-17,2017,7,17,,23.8,,13.8,,18.8,,0.0,,0.8,,0.0,,0.0,,0.0,,,,27.0,,41,,0.5
198,2017-07-18,2017,7,18,,27.3,,14.9,,21.1,,0.0,,3.1,,0.0,,0.0,,0.0,,,,24.0,,39,,0.5
199,2017-07-19,2017,7,19,,23.6,,13.4,,18.5,,0.0,,0.5,,2.2,,0.0,,2.2,,,,18.0,,44,,0.5
200,2017-07-20,2017,7,20,,24.8,,14.0,,19.4,,0.0,,1.4,,0.2,,0.0,,0.2,,,,27.0,,52,,0.5
201,2017-07-21,2017,7,21,,19.0,,12.5,,15.8,,2.2,,0.0,,2.8,,0.0,,2.8,,,,,,<31,,0.5
202,2017-07-22,2017,7,22,,23.9,,11.4,,17.7,,0.3,,0.0,,0.2,,0.0,,0.2,,,,26.0,,48,,0.5
203,2017-07-23,2017,7,23,,21.0,,10.1,,15.6,,2.4,,0.0,,0.0,,0.0,,0.0,,,,26.0,,67,,0.5
204,2017-07-24,2017,7,24,,21.2,,9.3,,15.3,,2.7,,0.0,,0.0,,0.0,,0.0,,,,26.0,,59,,0.5
205,2017-07-25,2017,7,25,,15.3,,10.2,,12.8,,5.2,,0.0,,10.8,,0.0,,10.8,,,,17.0,,33,,0.5
206,2017-07-26,2017,7,26,,19.1,,10.7,,14.9,,3.1,,0.0,,0.0,,0.0,,0.0,,,,25.0,,44,,0.5
207,2017-07-27,2017,7,27,,24.9,,11.5,,18.2,,0.0,,0.2,,0.0,,0.0,,0.0,,,,28.0,,54,,0.5
208,2017-07-28,2017,7,28,,22.5,,9.8,,16.2,,1.8,,0.0,,0.0,,0.0,,0.0,,,,25.0,,39,,0.5
209,2017-07-29,2017,7,29,,20.5,,9.6,,15.1,,2.9,,0.0,,1.4,,0.0,,1.4,,,,,,<31,,0.5
210,2017-07-30,2017,7,30,,15.2,,12.8,,14.0,,4.0,,0.0,,21.8,,0.0,,21.8,,,,30.0,,39,,0.5
211,2017-07-31,2017,7,31,,22.7,,11.5,,17.1,,0.9,,0.0,,0.0,,0.0,,0.0,,,,28.0,,44,,0.5
212,2017-08-01,2017,8,1,,15.2,,11.0,,13.1,,4.9,,0.0,,1.6,,0.0,,1.6,,,,,,<31,,0.5
213,2017-08-02,2017,8,2,,14.7,,9.7,,12.2,,5.8,,0.0,,0.4,,0.0,,0.4,,,,11.0,,39,,0.5
214,2017-08-03,2017,8,3,,16.8,,9.2,,13.0,,5.0,,0.0,,0.0,,0.0,,0.0,,,,14.0,,37,,0.5
215,2017-08-04,2017,8,4,,16.6,,8.5,,12.6,,5.4,,0.0,,0.0,,0.0,,0.0,,,,,,<31,,0.5
216,2017-08-05,2017,8,5,,18.7,,13.2,,16.0,,2.0,,0.0,,0.0,,0.0,,0.0,,,,15.0,,35,,0.5
217,2017-08-06,2017,8,6,,22.2,,12.9,,17.6,,0.4,,0.0,,0.0,,0.0,,0.0,,,,18.0,,46,,0.5
218,2017-08-07,2017,8,7,,16.6,,13.2,,14.9,,3.1,,0.0,,8.4,,0.0,,8.4,,,,17.0,,63,,0.5
219,2017-08-08,2017,8,8,,21.9,,12.7,,17.3,,0.7,,0.0,,2.8,,0.0,,2.8,,,,29.0,,46,,0.5
220,2017-08-09,2017,8,9,,20.8,,12.5,,16.7,,1.3,,0.0,,16.2,,0.0,,16.2,,,,18.0,,32,,0.5
221,2017-08-10,2017,8,10,,24.8,,12.8,,18.8,,0.0,,0.8,,0.0,,0.0,,0.0,,,,26.0,,46,,0.5
222,2017-08-11,2017,8,11,,24.5,,12.8,,18.7,,0.0,,0.7,,0.0,,0.0,,0.0,,,,26.0,,44,,0.5
223,2017-08-12,2017,8,12,,22.9,,13.8,,18.4,,0.0,,0.4,,0.0,T,0.0,,0.0,T,,,18.0,,35,,0.5
224,2017-08-13,2017,8,13,,22.8,,14.8,,18.8,,0.0,,0.8,,30.6,,0.0,,30.6,,,,26.0,,61,,0.5
225,2017-08-14,2017,8,14,,24.1,,14.2,,19.2,,0.0,,1.2,,3.6,,0.0,,3.6,,,,28.0,,67,,0.5
226,2017-08-15,2017,8,15,,23.3,,10.6,,17.0,,1.0,,0.0,,0.0,,0.0,,0.0,,,,28.0,,54,,0.5
227,2017-08-16,2017,8,16,,17.2,,10.5,,13.9,,4.1,,0.0,,1.2,,0.0,,1.2,,,,12.0,,37,,0.5
228,2017-08-17,2017,8,17,,20.7,,13.0,,16.9,,1.1,,0.0,,6.4,,0.0,,6.4,,,,26.0,,50,,0.5
229,2017-08-18,2017,8,18,,13.5,,8.9,,11.2,,6.8,,0.0,,8.2,,0.0,,8.2,,,,34.0,,76,,0.5
230,2017-08-19,2017,8,19,,13.4,,7.0,,10.2,,7.8,,0.0,,0.0,,0.0,,0.0,,,,33.0,,44,,0.5
231,2017-08-20,2017,8,20,,17.9,,7.6,,12.8,,5.2,,0.0,,9.4,,0.0,,9.4,,,,20.0,,57,,0.5
232,2017-08-21,2017,8,21,,22.5,,13.9,,18.2,,0.0,,0.2,,1.2,,0.0,,1.2,,,,19.0,,59,,0.5
233,2017-08-22,2017,8,22,,26.3,,13.6,,20.0,,0.0,,2.0,,0.0,,0.0,,0.0,,,,24.0,,52,,0.5
234,2017-08-23,2017,8,23,,25.9,,15.4,,20.7,,0.0,,2.7,,0.0,,0.0,,0.0,,,,26.0,,50,,0.5
235,2017-08-24,2017,8,24,,26.3,,18.8,,22.6,,0.0,,4.6,,0.0,,0.0,,0.0,,,,24.0,,69,,0.5
236,2017-08-25,2017,8,25,,21.2,,16.2,,18.7,,0.0,,0.7,,12.4,,0.0,,12.4,,,,23.0,,39,,0.5
237,2017-08-26,2017,8,26,,20.3,,9.5,,14.9,,3.1,,0.0,,3.6,,0.0,,3.6,,,,36.0,,52,,0.5
238,2017-08-27,2017,8,27,,15.1,,9.5,,12.3,,5.7,,0.0,,4.6,,0.0,,4.6,,,,18.0,,33,,0.5
239,2017-08-28,2017,8,28,,17.4,,7.4,,12.4,,5.6,,0.0,,0.4,,0.0,,0.4,,,,,,<31,,0.5
240,2017-08-29,2017,8,29,,18.6,,7.6,,13.1,,4.9,,0.0,,0.0,,0.0,,0.0,,,,,,<31,,0.5
241,2017-08-30,2017,8,30,,18.5,,7.5,,13.0,,5.0,,0.0,,0.0,,0.0,,0.0,,,,2.0,,46,,0.5
242,2017-08-31,2017,8,31,,15.0,,8.4,,11.7,,6.3,,0.0,,30.4,,0.0,,30.4,,,,7.0,,48,,0.5
243,2017-09-01,2017,9,1,,16.6,,11.0,,13.8,,4.2,,0.0,,1.8,,0.0,,1.8,,,,33.0,,50,,0.5
244,2017-09-02,2017,9,2,,17.6,,9.1,,13.4,,4.6,,0.0,,5.2,,0.0,,5.2,,,,25.0,,65,,0.5
245,2017-09-03,2017,9,3,,17.7,,8.9,,13.3,,4.7,,0.0,,0.0,T,0.0,,0.0,T,,,32.0,,48,,0.5
246,2017-09-04,2017,9,4,,17.3,,10.3,,13.8,,4.2,,0.0,,10.4,,0.0,,10.4,,,,18.0,,72,,0.5
247,2017-09-05,2017,9,5,,21.7,,14.2,,18.0,,0.0,,0.0,,0.0,,0.0,,0.0,,,,26.0,,70,,0.5
248,2017-09-06,2017,9,6,,24.1,,16.4,,20.3,,0.0,,2.3,,0.0,,0.0,,0.0,,,,25.0,,56,,0.5
249,2017-09-07,2017,9,7,,26.2,,18.6,,22.4,,0.0,,4.4,,0.0,T,0.0,,0.0,T,,,24.0,,56,,0.5
250,2017-09-08,2017,9,8,,24.6,,15.4,,20.0,,0.0,,2.0,,15.2,,0.0,,15.2,,,,24.0,,74,,0.5
251,2017-09-09,2017,9,9,,15.7,,12.5,,14.1,,3.9,,0.0,,49.0,,0.0,,49.0,,,,9.0,,37,,0.5
252,2017-09-10,2017,9,10,,12.6,,10.6,,11.6,,6.4,,0.0,,55.4,,0.0,,55.4,,,,3.0,,46,,0.5
253,2017-09-11,2017,9,11,,11.7,,10.8,,11.3,,6.7,,0.0,,67.6,,0.0,,67.6,,,,6.0,,63,,0.5
254,2017-09-12,2017,9,12,,15.6,,10.9,,13.3,,4.7,,0.0,,12.0,,0.0,,12.0,,,,7.0,,37,,0.5
255,2017-09-13,2017,9,13,,12.2,,8.9,,10.6,,7.4,,0.0,,6.0,,0.0,,6.0,,,,36.0,,43,,0.5
256,2017-09-14,2017,9,14,,22.9,,9.2,,16.1,,1.9,,0.0,,0.0,,0.0,,0.0,,,,25.0,,46,,0.5
257,2017-09-15,2017,9,15,,19.2,,9.3,,14.3,,3.7,,0.0,,0.0,,0.0,,0.0,,,,30.0,,35,,0.5
258,2017-09-16,2017,9,16,,18.2,,9.2,,13.7,,4.3,,0.0,,6.2,,0.0,,6.2,,,,26.0,,50,,0.5
259,2017-09-17,2017,9,17,,13.2,,8.5,,10.9,,7.1,,0.0,,0.0,,0.0,,0.0,,,,,,<31,,0.5
260,2017-09-18,2017,9,18,,15.1,,6.6,,10.9,,7.1,,0.0,,0.0,,0.0,,0.0,,,,5.0,,35,,0.5
261,2017-09-19,2017,9,19,,17.9,,6.5,,12.2,,5.8,,0.0,,0.0,,0.0,,0.0,,,,24.0,,54,,0.5
262,2017-09-20,2017,9,20,,20.0,,12.5,,16.3,,1.7,,0.0,,3.4,,0.0,,3.4,,,,24.0,,63,,0.5
263,2017-09-21,2017,9,21,,16.6,,8.4,,12.5,,5.5,,0.0,,2.4,,0.0,,2.4,,,,35.0,,61,,0.5
264,2017-09-22,2017,9,22,,16.6,,5.9,,11.3,,6.7,,0.0,,0.0,,0.0,,0.0,,,,26.0,,44,,0.5
265,2017-09-23,2017,9,23,,20.0,,8.8,,14.4,,3.6,,0.0,,0.0,,0.0,,0.0,,,,25.0,,74,,0.5
266,2017-09-24,2017,9,24,,9.9,,5.4,,7.7,,10.3,,0.0,,0.0,T,0.0,,0.0,T,,,36.0,,43,,0.4500000000000002
267,2017-09-25,2017,9,25,,15.5,,6.8,,11.2,,6.8,,0.0,,0.0,T,0.0,,0.0,T,,,29.0,,35,,0.5
268,2017-09-26,2017,9,26,,17.6,,5.7,,11.7,,6.3,,0.0,,3.2,,0.0,,3.2,,,,24.0,,70,,0.5
269,2017-09-27,2017,9,27,,9.5,,2.5,,6.0,,12.0,,0.0,,7.2,,0.0,,7.2,,,,16.0,,46,,0.25
270,2017-09-28,2017,9,28,,17.9,,8.8,,13.4,,4.6,,0.0,,10.6,,0.0,,10.6,,,,27.0,,63,,0.5
271,2017-09-29,2017,9,29,,17.6,,5.1,,11.4,,6.6,,0.0,,9.2,,0.0,,9.2,,,,35.0,,43,,0.2999999999999998
272,2017-09-30,2017,9,30,,7.1,,1.1,,4.1,,13.9,,0.0,,0.0,T,0.0,,0.0,T,,,1.0,,39,,0.25
273,2017-10-01,2017,10,1,,13.3,,2.7,,8.0,,10.0,,0.0,,0.0,,0.0,,0.0,,,,26.0,,70,,0.25
274,2017-10-02,2017,10,2,,14.0,,4.3,,9.2,,8.8,,0.0,,0.4,,0.0,,0.4,,,,3.0,,72,,0.25
275,2017-10-03,2017,10,3,,6.8,,1.0,,3.9,,14.1,,0.0,,0.2,,0.0,,0.2,,,,1.0,,74,,0.25
276,2017-10-04,2017,10,4,,11.5,,0.7,,6.1,,11.9,,0.0,,0.0,,0.0,,0.0,,,,27.0,,43,,0.25
277,2017-10-05,2017,10,5,,16.0,,9.6,,12.8,,5.2,,0.0,,0.0,,0.0,,0.0,,,,25.0,,69,,0.5
278,2017-10-06,2017,10,6,,17.7,,7.3,,12.5,,5.5,,0.0,,4.0,,0.0,,4.0,,,,19.0,,56,,0.5
279,2017-10-07,2017,10,7,,14.6,,5.4,,10.0,,8.0,,0.0,,0.0,,0.0,,0.0,,,,27.0,,56,,0.4500000000000002
280,2017-10-08,2017,10,8,,17.0,,8.5,,12.8,,5.2,,0.0,,2.4,,0.0,,2.4,,,,25.0,,56,,0.5
281,2017-10-09,2017,10,9,,19.1,,12.0,,15.6,,2.4,,0.0,,4.6,,0.0,,4.6,,,,23.0,,59,,0.5
282,2017-10-10,2017,10,10,,17.6,,12.1,,14.9,,3.1,,0.0,,4.2,,0.0,,4.2,,,,26.0,,52,,0.5
283,2017-10-11,2017,10,11,,14.4,,6.0,,10.2,,7.8,,0.0,,0.2,,0.0,,0.2,,,,31.0,,59,,0.5
284,2017-10-12,2017,10,12,,10.2,,1.3,,5.8,,12.2,,0.0,,4.4,,0.0,,4.4,,,,32.0,,41,,0.25
285,2017-10-13,2017,10,13,,7.4,,1.3,,4.4,,13.6,,0.0,,1.0,,0.0,,1.0,,,,31.0,,37,,0.25
286,2017-10-14,2017,10,14,,11.9,,4.1,,8.0,,10.0,,0.0,,0.4,,0.0,,0.4,,,,26.0,,80,,0.25
287,2017-10-15,2017,10,15,,12.2,,7.4,,9.8,,8.2,,0.0,,1.8,,0.0,,1.8,,,,16.0,,63,,0.5
288,2017-10-16,2017,10,16,,16.4,,5.1,,10.8,,7.2,,0.0,,1.4,,0.0,,1.4,,,,25.0,,80,,0.2999999999999998
289,2017-10-17,2017,10,17,,5.1,,1.9,,3.5,,14.5,,0.0,,3.4,,0.0,,3.4,,,,,,<31,,0.04999999999999982
290,2017-10-18,2017,10,18,,7.9,,-0.3,,3.8,,14.2,,0.0,,1.8,,0.0,,1.8,,,,27.0,,48,,0.25
291,2017-10-19,2017,10,19,,8.6,,4.1,,6.4,,11.6,,0.0,,0.0,,0.0,,0.0,,,,28.0,,54,,0.25
292,2017-10-20,2017,10,20,,15.5,,6.2,,10.9,,7.1,,0.0,,4.0,,0.0,,4.0,,,,21.0,,74,,0.5
293,2017-10-21,2017,10,21,,8.6,,0.0,,4.3,,13.7,,0.0,,0.4,,0.0,T,0.4,,0.0,T,33.0,,69,,0.25
294,2017-10-22,2017,10,22,,3.2,,0.0,,1.6,,16.4,,0.0,,0.0,,1.6,,0.8,,0.0,T,32.0,,80,,0.0
295,2017-10-23,2017,10,23,,1.6,,-2.4,,-0.4,,18.4,,0.0,,0.0,,0.0,,0.0,,0.0,T,32.0,,44,,0.0
296,2017-10-24,2017,10,24,,10.7,,-0.8,,5.0,,13.0,,0.0,,0.0,,0.0,,0.0,,,,27.0,,33,,0.25
297,2017-10-25,2017,10,25,,14.9,,5.0,,10.0,,8.0,,0.0,,0.0,T,0.0,,0.0,T,,,27.0,,32,,0.25
298,2017-10-26,2017,10,26,,18.2,,5.5,,11.9,,6.1,,0.0,,0.0,,0.0,,0.0,,,,,,<31,,0.5
299,2017-10-27,2017,10,27,,9.9,,4.4,,7.2,,10.8,,0.0,,0.0,,0.0,,0.0,,,,,,<31,,0.25
300,2017-10-28,2017,10,28,,8.5,,3.0,,5.8,,12.2,,0.0,,0.0,,0.0,,0.0,,,,3.0,,33,,0.25
301,2017-10-29,2017,10,29,,9.7,,6.5,,8.1,,9.9,,0.0,,0.0,T,0.0,,0.0,T,,,34.0,,33,,0.5
302,2017-10-30,2017,10,30,,11.6,,5.4,,8.5,,9.5,,0.0,,0.0,,0.0,,0.0,,,,18.0,,59,,0.4500000000000002
303,2017-10-31,2017,10,31,,16.0,,7.6,,11.8,,6.2,,0.0,,2.6,,0.0,,2.6,,,,20.0,,72,,0.5
304,2017-11-01,2017,11,1,,13.4,,4.0,,8.7,,9.3,,0.0,,0.0,,0.0,,0.0,,,,24.0,,44,,0.25
305,2017-11-02,2017,11,2,,8.9,,-0.3,,4.3,,13.7,,0.0,,0.0,,0.0,,0.0,,,,,,<31,,0.25
306,2017-11-03,2017,11,3,,10.5,,0.2,,5.4,,12.6,,0.0,,0.0,T,0.0,,0.0,T,,,19.0,,69,,0.25
307,2017-11-04,2017,11,4,,13.2,,1.8,,7.5,,10.5,,0.0,,4.4,,0.0,,4.4,,,,29.0,,78,,0.25
308,2017-11-05,2017,11,5,,2.0,,-3.3,,-0.7,,18.7,,0.0,,0.0,,0.0,,0.0,,,,31.0,,63,,0.0
309,2017-11-06,2017,11,6,,13.5,,-1.9,,5.8,,12.2,,0.0,,0.0,,0.0,,0.0,,,,20.0,,69,,0.25
310,2017-11-07,2017,11,7,,17.4,,1.6,,9.5,,8.5,,0.0,,14.2,,0.0,,14.2,,,,21.0,,76,,0.25
311,2017-11-08,2017,11,8,,,M,1.4,E,,M,,M,,M,0.0,,0.0,,0.0,,,,5.0,,48,,0.25
312,2017-11-09,2017,11,9,,3.5,,2.5,,3.0,,15.0,,0.0,,25.4,,0.0,,25.4,,,,4.0,,56,,0.0
313,2017-11-10,2017,11,10,,6.4,,2.0,,4.2,,13.8,,0.0,,6.8,,0.0,,6.8,,,,15.0,,74,,0.25
314,2017-11-11,2017,11,11,,10.6,,0.3,,5.5,,12.5,,0.0,,0.2,,0.0,,0.2,,,,26.0,,93,,0.25
315,2017-11-12,2017,11,12,,3.4,,-1.6,,0.9,,17.1,,0.0,,0.0,,0.0,,0.0,,,,27.0,,65,,0.0
316,2017-11-13,2017,11,13,,3.8,,-3.6,,0.1,,17.9,,0.0,,0.0,,0.0,,0.0,,,,,,<31,,0.0
317,2017-11-14,2017,11,14,,4.9,,0.7,,2.8,,15.2,,0.0,,1.2,,0.4,,1.4,,,,8.0,,50,,0.0
318,2017-11-15,2017,11,15,,2.1,,-0.4,,0.9,,17.1,,0.0,,0.0,,0.0,,0.0,,,,5.0,,52,,0.0
319,2017-11-16,2017,11,16,,3.3,,-1.6,,0.9,,17.1,,0.0,,0.0,,0.0,,0.0,,,,2.0,,59,,0.0
320,2017-11-17,2017,11,17,,3.6,,-1.2,,1.2,,16.8,,0.0,,5.2,,0.0,,5.2,,,,14.0,,48,,0.0
321,2017-11-18,2017,11,18,,6.0,,3.2,,4.6,,13.4,,0.0,,2.2,,0.0,,2.2,,,,30.0,,52,,0.25
322,2017-11-19,2017,11,19,,4.2,,0.3,,2.3,,15.7,,0.0,,0.8,,0.0,,0.8,,,,30.0,,50,,0.0
323,2017-11-20,2017,11,20,,12.8,,2.2,,7.5,,10.5,,0.0,,5.8,,0.0,,5.8,,,,17.0,,56,,0.25
324,2017-11-21,2017,11,21,,2.6,,-1.5,,0.6,,17.4,,0.0,,0.0,,0.0,,0.0,,,,29.0,,76,,0.0
325,2017-11-22,2017,11,22,,3.7,,-2.6,,0.6,,17.4,,0.0,,0.0,,0.0,,0.0,,,,29.0,,56,,0.0
326,2017-11-23,2017,11,23,,8.2,,-2.0,,3.1,,14.9,,0.0,,5.2,,0.0,,5.2,,,,25.0,,85,,0.25
327,2017-11-24,2017,11,24,,5.2,,0.3,,2.8,,15.2,,0.0,,0.0,,0.0,,0.0,,,,25.0,,63,,0.09999999999999964
328,2017-11-25,2017,11,25,,6.0,,-2.6,,1.7,,16.3,,0.0,,0.0,,0.0,,0.0,,,,21.0,,39,,0.25
329,2017-11-26,2017,11,26,,9.9,,3.4,,6.7,,11.3,,0.0,,28.0,,0.0,,28.0,,,,17.0,,87,,0.25
330,2017-11-27,2017,11,27,,8.3,,-0.1,,4.1,,13.9,,0.0,,0.4,,0.0,T,0.4,,,,26.0,,72,,0.25
331,2017-11-28,2017,11,28,,0.9,,-4.0,,-1.6,,19.6,,0.0,,0.0,,1.0,,0.4,,1.0,,31.0,,41,,0.0
332,2017-11-29,2017,11,29,,6.8,,-6.6,,0.1,,17.9,,0.0,,0.2,,0.0,,0.2,,1.0,,21.0,,56,,0.25
333,2017-11-30,2017,11,30,,6.9,,-2.6,,2.2,,15.8,,0.0,,10.0,,3.2,,12.4,,3.0,,1.0,,69,,0.25
334,2017-12-01,2017,12,1,,0.8,,-2.3,,-0.8,,18.8,,0.0,,0.0,T,0.0,,0.0,T,2.0,,3.0,,35,,0.0
335,2017-12-02,2017,12,2,,1.9,,0.0,,1.0,,17.0,,0.0,,0.6,,0.0,,0.6,,0.0,T,,,<31,,0.0
336,2017-12-03,2017,12,3,,0.9,,-0.9,,0.0,,18.0,,0.0,,0.0,,1.0,,0.6,,0.0,T,3.0,,41,,0.0
337,2017-12-04,2017,12,4,,1.3,,0.2,,0.8,,17.2,,0.0,,0.2,,0.4,,0.6,,0.0,T,2.0,,52,,0.0
338,2017-12-05,2017,12,5,,1.0,,-0.9,,0.1,,17.9,,0.0,,0.0,,0.0,T,0.0,T,,,1.0,,48,,0.0
339,2017-12-06,2017,12,6,,2.9,,-2.4,,0.3,,17.7,,0.0,,0.0,,0.0,,0.0,,,,5.0,,35,,0.0
340,2017-12-07,2017,12,7,,5.1,,-0.8,,2.2,,15.8,,0.0,,10.6,,0.0,,10.6,,,,17.0,,52,,0.04999999999999982
341,2017-12-08,2017,12,8,,2.6,,-1.8,,0.4,,17.6,,0.0,,0.0,,1.4,,0.8,,0.0,T,24.0,,52,,0.0
342,2017-12-09,2017,12,9,,1.9,,-0.7,,0.6,,17.4,,0.0,,8.8,,0.0,,8.8,,,,14.0,,48,,0.0
343,2017-12-10,2017,12,10,,17.9,,0.7,,9.3,,8.7,,0.0,,30.2,,0.0,,30.2,,,,21.0,,96,,0.25
344,2017-12-11,2017,12,11,,3.7,,-0.5,,1.6,,16.4,,0.0,,0.0,,0.0,,0.0,,,,26.0,,56,,0.0
345,2017-12-12,2017,12,12,,3.9,,-0.6,,1.7,,16.3,,0.0,,7.4,,0.4,,7.6,,0.0,T,22.0,,43,,0.0
346,2017-12-13,2017,12,13,,11.8,,1.3,,6.6,,11.4,,0.0,,34.4,,0.0,,34.4,,,,17.0,,74,,0.25
347,2017-12-14,2017,12,14,,11.8,,2.5,,7.2,,10.8,,0.0,,14.8,,0.0,,14.8,,,,19.0,,102,,0.25
348,2017-12-15,2017,12,15,,8.8,,-1.2,,3.8,,14.2,,0.0,,0.4,,0.0,T,0.4,,0.0,T,23.0,,80,,0.25
349,2017-12-16,2017,12,16,,0.0,,-5.1,,-2.6,,20.6,,0.0,,0.0,,29.0,,23.4,,13.0,,33.0,,109,,0.0
350,2017-12-17,2017,12,17,,-4.1,,-6.4,,-5.3,,23.3,,0.0,,0.0,,0.4,,0.2,,29.0,,29.0,,56,,0.0
351,2017-12-18,2017,12,18,,-4.2,,-9.3,,-6.8,,24.8,,0.0,,0.0,,0.0,T,0.0,T,29.0,,29.0,,50,,0.0
352,2017-12-19,2017,12,19,,0.2,,-7.4,,-3.6,,21.6,,0.0,,0.0,,0.4,,0.2,,29.0,,16.0,,41,,0.0
353,2017-12-20,2017,12,20,,4.3,,-1.6,,1.4,,16.6,,0.0,,15.6,,2.4,,17.6,,25.0,,25.0,,65,,0.0
354,2017-12-21,2017,12,21,,0.3,,-2.3,,-1.0,,19.0,,0.0,,0.0,,0.4,,0.2,,16.0,,25.0,,96,,0.0
355,2017-12-22,2017,12,22,,-0.5,,-5.0,,-2.8,,20.8,,0.0,,0.0,,0.4,,0.2,,15.0,,25.0,,70,,0.0
356,2017-12-23,2017,12,23,,-1.9,,-5.3,,-3.6,,21.6,,0.0,,0.0,,0.0,T,0.0,T,15.0,,29.0,,37,,0.0
357,2017-12-24,2017,12,24,,9.9,,-3.1,,3.4,,14.6,,0.0,,13.2,,4.4,,17.2,,12.0,,15.0,,95,,0.25
358,2017-12-25,2017,12,25,,7.6,,-4.6,,1.5,,16.5,,0.0,,11.6,,3.4,,15.0,,10.0,,23.0,,95,,0.25
359,2017-12-26,2017,12,26,,4.6,,-3.5,,0.6,,17.4,,0.0,,0.4,,0.0,T,0.4,,4.0,,26.0,,111,,0.0
360,2017-12-27,2017,12,27,,-2.3,,-7.0,,-4.7,,22.7,,0.0,,0.0,,2.6,,1.0,,2.0,,26.0,,113,,0.0
361,2017-12-28,2017,12,28,,-3.3,,-6.8,,-5.1,,23.1,,0.0,,0.0,,0.0,T,0.0,T,4.0,,27.0,,96,,0.0
362,2017-12-29,2017,12,29,,-1.2,,-6.6,,-3.9,,21.9,,0.0,,0.0,,3.0,,1.6,,5.0,,33.0,,69,,0.0
363,2017-12-30,2017,12,30,,-2.9,,-8.7,,-5.8,,23.8,,0.0,,0.0,,6.4,,4.2,,6.0,,7.0,,48,,0.0
364,2017-12-31,2017,12,31,,-2.6,,-7.5,,-5.1,,23.1,,0.0,,0.0,,4.2,,2.4,,12.0,,26.0,,54,,0.0
